{
  "evidence_scope": "Patient-held-out real medical CT pixel restoration proxy with synthetic low-dose-like corruption; not official ICR and not clinical validation.",
  "dataset_provenance": "Public CT DICOM test data distributed with the MIT-licensed pydicom/pydicom-data packages.",
  "dicom_files": 5,
  "unique_patient_ids": 5,
  "ct_frames": 6,
  "split": "Five-fold leave-one-patient-ID-out; no held-out patient pixels used for CNN training.",
  "corruption_protocol": "Three Poisson-Gaussian severity levels, two independent repetitions per frame.",
  "evaluations_per_method": 36,
  "methods": [
    "corrupted input",
    "Gaussian filter",
    "TV denoising",
    "small residual CNN"
  ],
  "best_method_by_mean_ssim": "tv",
  "summary": {
    "noisy": {
      "mae": {
        "n": 36,
        "mean": 0.046869010768002935,
        "sd": 0.016620626660873012,
        "ci95_low": 0.04124539977521505,
        "ci95_high": 0.05249262176079082
      },
      "psnr_db": {
        "n": 36,
        "mean": 23.335100576660267,
        "sd": 1.9902734166623732,
        "ci95_low": 22.661688936234903,
        "ci95_high": 24.00851221708563
      },
      "ssim": {
        "n": 36,
        "mean": 0.4004029355846567,
        "sd": 0.14167093183736268,
        "ci95_low": 0.35246838859704943,
        "ci95_high": 0.448337482572264
      },
      "edge_correlation": {
        "n": 36,
        "mean": 0.6523112359798294,
        "sd": 0.3023683476123319,
        "ci95_low": 0.5500045060232044,
        "ci95_high": 0.7546179659364545
      },
      "foreground_dice_proxy": {
        "n": 36,
        "mean": 0.9820530896430437,
        "sd": 0.026034971601382705,
        "ci95_low": 0.9732441225997538,
        "ci95_high": 0.9908620566863336
      },
      "hallucinated_edge_fraction_proxy": {
        "n": 36,
        "mean": 0.7954589331403289,
        "sd": 0.05083757329489136,
        "ci95_low": 0.778257973040501,
        "ci95_high": 0.8126598932401567
      },
      "deleted_edge_fraction_proxy": {
        "n": 36,
        "mean": 0.04018995833832859,
        "sd": 0.025277867848080057,
        "ci95_low": 0.031637158350386635,
        "ci95_high": 0.04874275832627055
      },
      "glcm_entropy_ccc": {
        "n": 36,
        "mean": 0.30836333213030165,
        "sd": 0.2136609689856992,
        "ci95_low": 0.23607086094771523,
        "ci95_high": 0.38065580331288806
      },
      "glcm_contrast_ccc": {
        "n": 36,
        "mean": 0.30293807154091046,
        "sd": 0.41107441048187043,
        "ci95_low": 0.16385050157089695,
        "ci95_high": 0.44202564151092394
      },
      "glcm_homogeneity_ccc": {
        "n": 36,
        "mean": 0.08052138049751092,
        "sd": 0.0795721485287301,
        "ci95_low": 0.05359803889816278,
        "ci95_high": 0.10744472209685907
      },
      "glcm_energy_ccc": {
        "n": 36,
        "mean": 0.3852203794791332,
        "sd": 0.287272744513893,
        "ci95_low": 0.28802126677781825,
        "ci95_high": 0.4824194921804481
      }
    },
    "gaussian": {
      "mae": {
        "n": 36,
        "mean": 0.02326384585143791,
        "sd": 0.004106456837784235,
        "ci95_low": 0.021874420754203976,
        "ci95_high": 0.024653270948671847
      },
      "psnr_db": {
        "n": 36,
        "mean": 28.563996750235788,
        "sd": 2.9141275248189906,
        "ci95_low": 27.577997851557857,
        "ci95_high": 29.54999564891372
      },
      "ssim": {
        "n": 36,
        "mean": 0.6702781176431041,
        "sd": 0.08334818648479896,
        "ci95_low": 0.6420771486117577,
        "ci95_high": 0.6984790866744505
      },
      "edge_correlation": {
        "n": 36,
        "mean": 0.7890397040721933,
        "sd": 0.19439779074265448,
        "ci95_low": 0.7232649547020242,
        "ci95_high": 0.8548144534423623
      },
      "foreground_dice_proxy": {
        "n": 36,
        "mean": 0.9817796942927924,
        "sd": 0.016582672906423006,
        "ci95_low": 0.9761689250029738,
        "ci95_high": 0.9873904635826111
      },
      "hallucinated_edge_fraction_proxy": {
        "n": 36,
        "mean": 0.7090890222336099,
        "sd": 0.08950693175850193,
        "ci95_low": 0.6788042336008937,
        "ci95_high": 0.7393738108663261
      },
      "deleted_edge_fraction_proxy": {
        "n": 36,
        "mean": 0.08913892843868215,
        "sd": 0.0532318686261626,
        "ci95_low": 0.07112785534975659,
        "ci95_high": 0.10715000152760772
      },
      "glcm_entropy_ccc": {
        "n": 36,
        "mean": 0.558809533987203,
        "sd": 0.211497816904421,
        "ci95_low": 0.48724896816965224,
        "ci95_high": 0.6303700998047538
      },
      "glcm_contrast_ccc": {
        "n": 36,
        "mean": 0.38641701435415987,
        "sd": 0.2725061099420406,
        "ci95_low": 0.2942142119724938,
        "ci95_high": 0.47861981673582593
      },
      "glcm_homogeneity_ccc": {
        "n": 36,
        "mean": 0.2448533259866928,
        "sd": 0.24115535448003256,
        "ci95_low": 0.16325809314170348,
        "ci95_high": 0.3264485588316821
      },
      "glcm_energy_ccc": {
        "n": 36,
        "mean": 0.5533806168317842,
        "sd": 0.29490850531856505,
        "ci95_low": 0.4535979343725046,
        "ci95_high": 0.6531632992910638
      }
    },
    "tv": {
      "mae": {
        "n": 36,
        "mean": 0.015545802268510064,
        "sd": 0.003426772806612313,
        "ci95_low": 0.014386349161340675,
        "ci95_high": 0.016705255375679455
      },
      "psnr_db": {
        "n": 36,
        "mean": 32.92717745517765,
        "sd": 1.9037243631849303,
        "ci95_low": 32.283049801360136,
        "ci95_high": 33.57130510899516
      },
      "ssim": {
        "n": 36,
        "mean": 0.8334528346074941,
        "sd": 0.07500964155341829,
        "ci95_low": 0.8080732232720256,
        "ci95_high": 0.8588324459429626
      },
      "edge_correlation": {
        "n": 36,
        "mean": 0.9254313337445161,
        "sd": 0.08065588021321506,
        "ci95_low": 0.8981413100977065,
        "ci95_high": 0.9527213573913258
      },
      "foreground_dice_proxy": {
        "n": 36,
        "mean": 0.986010530535417,
        "sd": 0.016198430631515087,
        "ci95_low": 0.9805297701270417,
        "ci95_high": 0.9914912909437923
      },
      "hallucinated_edge_fraction_proxy": {
        "n": 36,
        "mean": 0.39582564925861435,
        "sd": 0.16654313949554997,
        "ci95_low": 0.33947555794434453,
        "ci95_high": 0.4521757405728842
      },
      "deleted_edge_fraction_proxy": {
        "n": 36,
        "mean": 0.3075505815620072,
        "sd": 0.10006664894174913,
        "ci95_low": 0.2736928986669924,
        "ci95_high": 0.341408264457022
      },
      "glcm_entropy_ccc": {
        "n": 36,
        "mean": 0.8926988969000591,
        "sd": 0.08234564102597584,
        "ci95_low": 0.864837140449444,
        "ci95_high": 0.9205606533506742
      },
      "glcm_contrast_ccc": {
        "n": 36,
        "mean": 0.8046484105293681,
        "sd": 0.162436403552664,
        "ci95_low": 0.7496878387479122,
        "ci95_high": 0.8596089823108239
      },
      "glcm_homogeneity_ccc": {
        "n": 36,
        "mean": 0.7394584403637263,
        "sd": 0.15060497915358584,
        "ci95_low": 0.6885010466614476,
        "ci95_high": 0.790415834066005
      },
      "glcm_energy_ccc": {
        "n": 36,
        "mean": 0.8591888103255428,
        "sd": 0.13287701209555428,
        "ci95_low": 0.8142296977026426,
        "ci95_high": 0.904147922948443
      }
    },
    "residual_cnn": {
      "mae": {
        "n": 36,
        "mean": 0.046738237090822726,
        "sd": 0.016781297811661176,
        "ci95_low": 0.041060262801858816,
        "ci95_high": 0.05241621137978664
      },
      "psnr_db": {
        "n": 36,
        "mean": 23.391838571689707,
        "sd": 2.0455025156171334,
        "ci95_low": 22.699740092654647,